customer_id,annual_income,loan_amount,loan_purpose,credit_score,repayment_history,transaction_count,spending_ratio,default_flag
CUST0001,1148723.31,556844.38,Other,712.3,0.0,51,124.39,0
CUST0002,334036.89,207824.29,Car,688.1,0.0,43,57.38,0
CUST0003,335105.65,298034.26,Education,584.95,3.0,50,36.84,1
CUST0004,389815.55,223739.05,Car,607.95,2.0,42,101.56,1
CUST0005,646193.85,218041.83,Other,734.29,1.0,49,47.39,0
CUST0006,308205.39,360254.84,Car,669.65,1.0,54,48.02,1
CUST0007,1097865.63,339584.26,Business,850.0,1.0,36,40.42,0
CUST0008,390962.45,358943.2,Other,684.6,2.0,48,93.74,1
CUST0009,735365.69,570837.48,Car,700.98,3.0,36,44.79,1
CUST0010,472710.03,234304.16,Other,604.4,0.0,40,34.04,1
CUST0011,627001.52,416092.02,Other,751.58,0.0,35,74.15,0
CUST0012,269113.2,352062.72,Other,629.83,1.0,40,81.3,0
CUST0013,1127430.35,449384.47,Home,724.09,1.0,47,100.48,1
CUST0014,383043.46,160179.14,Car,742.77,1.0,28,61.77,1
CUST0015,361605.26,80373.03,Business,696.19,0.0,35,79.82,1
CUST0016,,1025140.62,Car,804.2,0.0,53,39.53,0
CUST0017,881690.76,194137.97,Education,650.3,2.0,44,75.16,0
CUST0018,1103565.29,504810.66,Home,798.91,1.0,45,65.23,1
CUST0019,836613.86,297771.92,Home,607.39,0.0,38,58.67,0
CUST0020,506795.75,449391.03,Car,741.94,0.0,52,20.66,0
CUST0021,316779.18,291426.44,Education,680.74,2.0,50,37.06,0
CUST0022,551488.59,460204.22,Car,643.97,2.0,41,43.98,0
CUST0023,379549.39,452234.61,Education,582.02,2.0,47,58.7,1
CUST0024,392293.0,477121.01,Car,673.06,3.0,46,149.46,1
CUST0025,272113.52,188154.23,Business,668.95,1.0,33,69.15,0
CUST0026,692240.99,424828.33,Education,,1.0,41,30.01,1
CUST0027,1544335.57,559932.64,Car,737.11,3.0,41,35.39,0
CUST0028,883549.71,1033968.05,Car,637.45,1.0,50,90.16,1
CUST0029,613259.18,166638.5,Home,804.29,2.0,41,34.62,0
CUST0030,635656.19,284850.0,Car,655.0,1.0,44,74.89,0
CUST0031,8000000.0,35332.03,Education,729.14,1.0,44,47.72,0
CUST0032,9500000.0,47221.18,Car,695.86,1.0,46,41.41,0
CUST0033,12000000.0,113754.58,Car,677.08,1.0,32,34.89,0
CUST0034,699873.25,550386.84,Business,692.6,2.0,43,9.81,0
CUST0035,563397.59,488760.86,Home,628.88,1.0,50,58.94,0
CUST0036,402967.08,341572.21,Other,664.81,1.0,52,26.59,0
CUST0037,691259.68,676419.1,Home,602.92,2.0,37,22.14,1
CUST0038,687991.1,274855.84,Other,654.3,0.0,53,50.93,1
CUST0039,1498493.55,104938.37,Car,659.67,1.0,40,75.3,0
CUST0040,948139.83,851010.11,Car,744.94,2.0,46,19.26,0
CUST0041,732385.78,4000000.0,Home,668.42,0.0,39,74.32,1
CUST0042,386000.78,5500000.0,Home,660.87,0.0,46,28.65,1
CUST0043,360171.69,146841.21,Home,704.3,2.0,41,62.25,1
CUST0044,903556.61,531786.26,Home,701.76,1.0,37,60.11,0
CUST0045,582269.97,360224.01,Education,651.58,2.0,39,40.58,0
CUST0046,745550.92,408709.93,Car,715.62,2.0,48,45.68,0
CUST0047,1113064.89,819210.24,Business,678.39,1.0,37,36.91,1
CUST0048,282801.73,206395.74,Home,651.48,2.0,42,51.34,1
CUST0049,1401560.9,797794.54,Other,657.79,,46,51.11,0
CUST0050,1107801.11,221008.39,Education,751.71,1.0,33,28.35,0
CUST0051,209983.77,115238.74,Home,659.75,0.0,43,22.82,0
CUST0052,2371251.63,1360820.24,Car,706.97,1.0,47,74.5,0
CUST0053,775671.68,216793.05,Home,606.64,0.0,41,49.83,1
CUST0054,499584.27,339067.14,Home,762.49,1.0,37,69.52,0
CUST0055,864763.96,366840.58,Car,652.11,2.0,44,32.18,0
CUST0056,379692.35,257650.26,Education,716.02,0.0,37,29.8,0
CUST0057,877733.45,990765.54,Other,673.65,0.0,36,27.13,0
CUST0058,420123.75,279433.33,Car,715.27,2.0,46,41.11,0
CUST0059,1974696.72,703723.13,Other,718.82,0.0,44,50.55,0
CUST0060,671844.87,169958.49,Other,680.6,1.0,64,34.29,0
CUST0061,929247.43,745061.81,Business,250.0,2.0,41,98.4,0
CUST0062,421844.41,214171.9,Car,760.92,1.0,42,32.64,1
CUST0063,1018458.18,393210.9,Home,680.91,2.0,47,50.96,0
CUST0064,645518.15,431763.88,Home,713.92,3.0,42,28.94,1
CUST0065,299003.09,30000.0,Education,734.96,1.0,44,32.14,1
CUST0066,570009.41,361867.58,Car,660.28,2.0,37,43.1,0
CUST0067,1880106.03,1360560.38,Home,723.61,0.0,29,29.68,0
CUST0068,1042534.17,938936.28,Car,641.41,2.0,42,47.06,1
CUST0069,527704.29,204918.64,Home,715.19,0.0,48,56.08,0
CUST0070,232509.53,307868.97,Business,691.28,1.0,49,77.74,0
CUST0071,411209.25,309135.4,Home,662.54,3.0,40,26.22,1
CUST0072,299888.78,157380.37,Education,693.05,3.0,53,48.94,0
CUST0073,235619.44,52142.98,Business,621.41,2.0,40,43.63,1
CUST0074,1001293.04,637145.88,Home,710.09,1.0,42,17.86,0
CUST0075,672690.56,737994.54,Car,716.83,1.0,39,25.59,0
CUST0076,1744602.49,1800000.0,Business,712.47,1.0,42,900.0,1
CUST0077,375504.07,275672.17,Home,787.64,1.0,55,1200.0,0
CUST0078,649185.08,796153.26,Home,683.83,2.0,53,43.38,0
CUST0079,301924.34,77906.42,Car,688.3,0.0,40,15.57,0
CUST0080,468619.91,97054.35,Education,613.93,2.0,41,42.74,0
CUST0081,575254.12,615867.69,Education,792.21,1.0,52,16.12,0
CUST0082,528959.93,465777.86,Home,592.62,2.0,50,33.26,1
CUST0083,669425.38,446605.45,Car,704.86,0.0,40,36.15,1
CUST0084,1109159.3,1051094.3,Home,650.04,1.0,37,47.85,0
CUST0085,1046809.28,1225670.05,Business,694.05,2.0,44,39.66,0
CUST0086,425744.05,442661.96,Car,604.98,2.0,49,24.26,1
CUST0087,639238.48,679247.86,Business,747.96,2.0,39,24.48,0
CUST0088,1005987.95,1095247.98,Car,627.91,4.0,37,20.08,1
CUST0089,,338323.29,Business,765.81,2.0,49,49.89,1
CUST0090,451843.64,493514.5,Car,629.71,0.0,33,48.81,1
CUST0091,959548.45,324570.93,Education,753.39,1.0,42,62.89,0
CUST0092,779851.05,675583.69,Car,635.99,2.0,37,35.04,0
CUST0093,361650.53,214869.01,Business,650.05,0.0,49,18.91,1
CUST0094,1009347.38,803317.26,Car,689.88,0.0,47,38.42,0
CUST0095,706498.53,470162.13,Car,634.88,2.0,54,45.25,1
CUST0096,249437.29,60184.5,Car,632.97,0.0,49,25.14,0
CUST0097,552997.18,278731.68,Business,635.64,2.0,39,26.36,1
CUST0098,664406.4,748826.03,Education,710.73,1.0,45,56.38,0
CUST0099,465805.84,511396.24,Car,689.97,1.0,57,47.32,0
CUST0100,1277292.65,670465.79,Education,693.42,0.0,49,79.29,0
CUST0101,1303007.11,1501907.88,Education,668.9,2.0,41,106.45,1
CUST0102,526685.07,417917.2,Other,725.67,2.0,42,21.23,1
CUST0103,495837.54,403451.31,Business,,3.0,33,36.5,0
CUST0104,604736.78,191148.01,Education,727.42,3.0,40,47.87,0
CUST0105,582266.39,686708.89,Car,676.42,1.0,50,53.97,0
CUST0106,469231.53,357310.19,Business,610.65,2.0,41,74.78,0
CUST0107,150000.0,246830.17,Education,561.49,1.0,43,64.78,0
CUST0108,1706361.99,1800000.0,Other,685.78,1.0,44,79.51,1
CUST0109,650149.44,643015.85,Home,560.44,4.0,43,46.4,1
CUST0110,589280.21,537709.59,Home,677.05,1.0,42,32.87,1
CUST0111,777291.46,374766.16,Home,781.17,0.0,54,119.3,0
CUST0112,622000.32,306773.88,Education,615.02,1.0,50,48.59,0
CUST0113,513011.7,322509.81,Other,606.4,1.0,53,39.87,0
CUST0114,373854.64,53297.37,Home,731.4,3.0,38,26.33,1
CUST0115,236449.66,145083.56,Business,507.63,0.0,43,48.73,0
CUST0116,308605.56,91330.1,Education,714.82,0.0,36,74.36,0
CUST0117,351708.12,312202.13,Business,785.45,2.0,47,35.04,0
CUST0118,929809.34,184235.63,Car,633.29,3.0,45,42.1,1
CUST0119,968273.99,695677.68,Business,622.12,2.0,51,50.97,0
CUST0120,400207.38,30000.0,Home,728.35,0.0,34,56.98,1
CUST0121,150199.23,80134.96,Business,613.9,1.0,46,39.52,0
CUST0122,653268.85,212766.55,Home,742.7,1.0,40,36.96,0
CUST0123,515493.22,467820.96,Car,619.19,0.0,42,34.86,0
CUST0124,508531.92,50680.99,Business,804.95,0.0,40,25.88,0
CUST0125,1099639.83,1012226.24,Home,733.05,0.0,42,30.62,0
CUST0126,701507.3,421638.58,Home,692.47,1.0,38,30.21,0
CUST0127,379921.08,517896.55,Business,801.2,1.0,40,20.81,1
CUST0128,334770.49,237619.62,Education,757.05,0.0,36,73.93,0
CUST0129,562581.56,549165.05,Car,713.96,1.0,31,53.86,0
CUST0130,394826.07,306635.26,Home,568.89,0.0,45,48.32,1
CUST0131,624626.37,626236.67,Home,644.4,0.0,43,86.4,0
CUST0132,1142930.08,1219607.62,Car,760.55,3.0,33,64.43,1
CUST0133,304323.73,228243.15,Home,605.49,2.0,35,30.32,1
CUST0134,682151.01,165565.32,Other,640.23,0.0,43,80.91,0
CUST0135,1075186.97,540758.93,Home,623.56,2.0,45,73.17,1
CUST0136,619906.91,268557.02,Car,716.15,0.0,49,25.73,0
CUST0137,966655.19,638301.4,Home,752.63,3.0,37,70.67,0
CUST0138,555002.43,445456.9,Home,752.7,1.0,39,35.62,0
CUST0139,714032.02,792606.26,Education,634.57,1.0,59,74.09,1
CUST0140,828323.75,989804.63,Education,715.26,1.0,38,38.0,1
CUST0141,474551.91,232982.99,Home,631.51,2.0,48,34.47,0
CUST0142,1942719.69,1311178.71,Home,676.31,0.0,31,36.29,0
CUST0143,893049.01,906859.15,Home,723.81,0.0,49,27.68,0
CUST0144,1330904.93,646354.96,Business,758.99,1.0,44,21.47,0
CUST0145,1171494.47,1080494.76,Education,550.29,1.0,27,12.9,1
CUST0146,778198.37,239831.11,Home,696.41,0.0,52,26.56,0
CUST0147,1392918.61,1143727.3,Car,781.47,1.0,46,167.67,0
CUST0148,720773.87,426083.65,Business,705.09,1.0,48,57.16,0
CUST0149,435108.73,422203.14,Business,695.37,2.0,45,114.29,1
CUST0150,655319.52,550600.98,Other,653.4,,40,38.38,0
CUST0151,373747.55,127349.54,Car,779.75,1.0,52,35.61,1
CUST0152,204595.53,30000.0,Home,656.41,0.0,45,106.16,0
CUST0153,406699.32,201167.43,Home,683.49,2.0,47,54.3,1
CUST0154,676584.4,740602.91,Business,659.44,1.0,42,27.91,0
CUST0155,1165646.32,1111621.74,Other,697.03,0.0,37,61.75,0
CUST0156,406033.96,311210.5,Car,782.67,1.0,39,84.11,0
CUST0157,1132929.13,538712.4,Car,631.1,0.0,52,22.04,0
CUST0158,333985.21,207128.89,Car,697.32,2.0,41,56.77,1
CUST0159,391989.48,305134.62,Car,715.42,1.0,41,22.78,0
CUST0160,1442320.41,1319975.13,Home,637.2,1.0,42,81.86,0
CUST0161,667249.42,238073.83,Education,686.16,1.0,52,50.5,0
CUST0162,590801.62,605147.43,Home,810.34,2.0,46,61.65,0
CUST0163,739797.39,584912.82,Home,575.05,0.0,38,40.36,0
CUST0164,334772.29,356534.96,Education,662.62,1.0,47,18.46,0
CUST0165,541859.04,564361.65,Home,706.29,0.0,28,36.09,0
CUST0166,650952.06,615003.37,Home,665.56,0.0,34,71.63,0
CUST0167,1279509.24,1189771.28,Car,850.0,1.0,36,121.93,1
CUST0168,259366.71,79454.48,Business,725.66,1.0,50,51.82,1
CUST0169,1714054.74,1792292.3,Business,622.12,0.0,47,31.93,1
CUST0170,606931.6,462754.39,Home,538.11,1.0,51,58.82,1
CUST0171,352893.54,96433.08,Car,712.12,0.0,46,68.48,0
CUST0172,319441.22,146006.02,Home,640.88,0.0,37,48.09,1
CUST0173,755367.58,821189.85,Education,773.78,2.0,58,46.63,1
CUST0174,309824.85,199637.24,Business,672.13,3.0,41,50.07,0
CUST0175,477662.5,213472.08,Business,653.06,0.0,49,45.99,0
CUST0176,566527.53,258803.69,Car,651.96,0.0,49,52.22,0
CUST0177,1219253.44,229739.5,Other,754.12,0.0,38,112.22,0
CUST0178,1138107.15,397363.64,Other,717.01,0.0,32,16.28,1
CUST0179,456380.34,513643.35,Business,804.14,0.0,35,39.94,1
CUST0180,578244.4,629471.81,Education,676.02,2.0,41,28.23,1
CUST0181,270294.11,121156.67,Car,746.05,0.0,58,81.21,0
CUST0182,211763.45,299744.37,Car,747.16,0.0,51,41.94,0
CUST0183,330627.88,269854.55,Home,733.8,0.0,47,59.53,0
CUST0184,1205531.6,724631.11,Home,656.86,0.0,33,91.86,1
CUST0185,998262.99,849101.62,Business,720.77,1.0,44,26.21,0
CUST0186,802604.69,927592.0,Education,683.68,0.0,52,34.57,1
CUST0187,291569.64,81968.95,Other,681.97,0.0,34,87.24,0
CUST0188,439465.67,97830.39,Home,637.62,3.0,34,25.69,0
CUST0189,405520.24,581511.61,Home,552.18,0.0,45,35.16,0
CUST0190,593284.03,337376.41,Business,771.14,0.0,44,20.22,0
CUST0191,573061.42,134133.17,Car,718.05,2.0,46,88.97,1
CUST0192,374613.97,339358.89,Home,602.69,1.0,44,33.65,0
CUST0193,787640.37,687632.55,Other,736.65,0.0,36,53.64,0
CUST0194,737224.8,785278.4,Business,772.43,1.0,47,63.1,0
CUST0195,435336.66,324278.53,Car,740.55,0.0,34,30.12,0
CUST0196,768411.56,323969.44,Business,632.04,2.0,38,17.37,0
CUST0197,1206319.56,1110749.12,Business,642.42,1.0,41,40.32,0
CUST0198,1425682.31,1056288.83,Business,654.39,2.0,47,39.99,1
CUST0199,851361.26,295773.47,Business,745.97,0.0,44,43.66,0
CUST0200,837708.12,708301.38,Home,721.13,3.0,56,43.78,1
CUST0201,569578.13,544408.5,Education,850.0,0.0,38,35.07,0
CUST0202,1145176.96,94236.51,Home,583.34,2.0,42,34.39,0
CUST0203,360783.86,181425.78,Home,686.58,0.0,43,52.22,1
CUST0204,1074477.68,541499.45,Other,564.7,3.0,46,29.81,1
CUST0205,554901.02,260971.93,Education,728.78,3.0,30,42.91,0
CUST0206,1475847.41,896640.75,Business,759.35,2.0,40,33.96,1
CUST0207,898283.65,502194.73,Business,783.74,2.0,38,52.17,1
CUST0208,626185.05,646709.8,Other,702.25,0.0,43,78.33,1
CUST0209,570723.1,321089.33,Business,565.63,0.0,45,79.95,1
CUST0210,867885.19,799181.71,Car,686.74,1.0,44,85.74,0
CUST0211,845045.74,119881.93,Car,718.39,3.0,27,38.08,0
CUST0212,522112.83,494298.32,Home,624.67,1.0,42,39.71,0
CUST0213,683674.57,638794.49,Car,672.78,0.0,42,23.86,0
CUST0214,1064208.82,792166.19,Car,606.99,2.0,49,37.92,1
CUST0215,307085.56,128110.74,Education,650.17,1.0,40,38.6,1
CUST0216,968942.61,773329.76,Education,749.31,1.0,49,33.05,0
CUST0217,865788.27,365446.52,Other,734.21,0.0,49,32.98,0
CUST0218,1248413.06,1395063.71,Business,599.31,2.0,45,19.26,1
CUST0219,438501.32,172599.06,Education,644.18,0.0,40,23.0,0
CUST0220,652046.72,642658.65,Car,693.71,0.0,42,46.01,1
CUST0221,,755082.81,Home,704.72,0.0,37,46.89,0
CUST0222,975851.52,574565.18,Car,646.91,1.0,46,57.29,1
CUST0223,823025.08,745709.39,Business,720.97,2.0,41,39.54,0
CUST0224,328723.53,322674.75,Home,687.71,3.0,30,45.26,1
CUST0225,762838.68,669241.77,Business,522.52,0.0,49,84.09,0
CUST0226,1957254.86,1230884.94,Education,652.84,0.0,41,43.83,0
CUST0227,909994.93,569337.32,Home,650.99,1.0,42,32.81,0
CUST0228,1600222.85,609637.36,Home,734.09,1.0,44,24.81,1
CUST0229,1153615.41,1208445.14,Car,735.24,0.0,50,67.05,1
CUST0230,1375116.08,1076168.31,Car,581.31,1.0,39,19.2,0
CUST0231,770820.19,507591.81,Business,718.5,3.0,47,29.59,0
CUST0232,866088.57,987362.06,Business,685.19,1.0,45,55.48,0
CUST0233,748077.91,143309.71,Education,698.22,1.0,39,17.35,0
CUST0234,651553.71,681461.65,Business,650.1,0.0,50,33.1,1
CUST0235,977677.25,1377991.96,Education,685.98,2.0,47,48.0,0
CUST0236,488051.68,583893.5,Other,764.77,3.0,39,37.15,1
CUST0237,1833409.52,1800000.0,Home,697.29,3.0,37,27.53,1
CUST0238,390163.25,211299.78,Business,687.24,1.0,38,33.45,0
CUST0239,1015600.99,377375.15,Car,658.85,0.0,41,67.7,0
CUST0240,1387476.13,1203494.56,Home,758.4,0.0,38,112.43,0
CUST0241,589827.66,389329.66,Home,606.75,2.0,49,48.25,0
CUST0242,352423.95,54643.28,Education,637.87,2.0,52,16.65,0
CUST0243,1227228.48,1324262.84,Home,603.02,2.0,52,59.78,1
CUST0244,726936.98,276466.88,Home,703.04,0.0,42,36.91,0
CUST0245,1016678.48,1190745.85,Other,766.68,2.0,39,26.02,0
CUST0246,612024.51,520645.33,Business,668.63,0.0,40,30.16,0
CUST0247,1685017.01,1721518.45,Business,620.49,2.0,40,30.81,0
CUST0248,202880.66,196341.21,Business,796.37,4.0,41,22.23,0
CUST0249,799406.85,817478.43,Other,719.33,2.0,36,43.6,0
CUST0250,1359584.72,1342340.07,Education,708.04,0.0,51,112.25,1
CUST0251,688770.99,527539.46,Home,677.64,2.0,52,25.97,0
CUST0252,767600.68,410052.85,Business,733.49,0.0,45,110.54,1
CUST0253,511969.92,408196.07,Business,707.02,1.0,39,49.93,1
CUST0254,657438.38,639488.72,Car,658.72,1.0,49,42.96,1
CUST0255,259161.45,255378.46,Car,669.6,4.0,42,38.31,1
CUST0256,437831.94,123013.78,Car,623.71,0.0,48,30.07,1
CUST0257,421684.35,434969.78,Other,615.6,2.0,43,52.07,1
CUST0258,939164.41,243884.62,Car,670.72,2.0,46,58.42,0
CUST0259,474717.08,457068.46,Other,765.02,2.0,49,13.38,0
CUST0260,482321.45,605617.18,Other,622.78,0.0,48,160.48,1
CUST0261,528009.63,191270.19,Education,744.36,1.0,41,18.2,1
CUST0262,430616.45,529184.37,Education,638.07,2.0,49,34.66,0
CUST0263,753654.93,242215.7,Car,573.87,1.0,53,12.52,1
CUST0264,800046.36,769472.4,Home,725.53,0.0,53,39.36,0
CUST0265,1023243.31,573473.97,Home,795.87,1.0,46,35.73,1
CUST0266,930744.6,838008.78,Business,634.38,2.0,43,34.84,1
CUST0267,880939.65,507972.81,Car,587.96,1.0,43,52.4,0
CUST0268,542419.55,145628.99,Home,719.57,0.0,40,39.84,0
CUST0269,523619.51,339305.49,Home,629.99,2.0,44,58.9,1
CUST0270,402544.77,174398.33,Other,724.88,1.0,35,24.24,1
CUST0271,398572.07,375434.81,Car,764.85,0.0,41,46.78,0
CUST0272,723294.26,205333.32,Other,711.49,0.0,53,32.81,0
CUST0273,437594.88,413493.7,Car,742.63,2.0,46,37.39,1
CUST0274,1457605.99,1653818.41,Education,743.08,2.0,44,51.51,1
CUST0275,636730.77,699680.54,Home,754.35,0.0,37,34.97,1
CUST0276,1484356.94,1518478.59,Education,692.94,2.0,41,42.69,0
CUST0277,890198.3,915347.55,Education,740.64,1.0,45,25.27,1
CUST0278,423897.77,92739.85,Home,700.69,2.0,38,77.82,0
CUST0279,628192.7,182423.62,Education,715.44,1.0,46,64.77,1
CUST0280,258934.1,288139.68,Education,850.0,0.0,44,47.31,1
CUST0281,721769.84,591190.63,Business,705.7,0.0,34,39.86,1
CUST0282,445768.49,450591.84,Business,592.65,2.0,44,42.71,1
CUST0283,352330.78,56368.63,Car,677.17,2.0,35,76.99,1
CUST0284,1501399.69,716296.98,Education,669.82,0.0,33,62.52,0
CUST0285,1145728.11,372106.58,Other,672.79,0.0,43,77.64,0
CUST0286,1128499.1,1030095.64,Business,751.97,0.0,44,37.93,0
CUST0287,999378.48,755484.73,Other,763.49,3.0,47,57.3,0
CUST0288,329568.22,36852.38,Car,683.13,1.0,44,81.53,0
CUST0289,521499.67,438415.66,Business,599.53,0.0,41,28.32,0
CUST0290,539285.63,512025.77,Education,696.44,1.0,45,27.44,0
CUST0291,253817.87,299160.48,Home,654.68,3.0,39,51.64,1
CUST0292,478483.52,79458.57,Business,703.68,0.0,44,24.27,1
CUST0293,481361.47,593051.21,Education,682.14,2.0,33,18.15,0
CUST0294,696642.09,580256.84,Home,769.06,0.0,36,80.96,0
CUST0295,2617004.29,1800000.0,Home,707.86,0.0,39,88.33,0
CUST0296,642572.35,595710.93,Business,654.89,4.0,38,24.94,1
CUST0297,696839.64,212495.05,Home,599.94,0.0,29,21.99,0
CUST0298,566431.82,224559.12,Home,686.88,1.0,47,32.46,0
CUST0299,975270.09,848741.55,Car,687.11,1.0,38,84.19,1
CUST0300,360077.0,30000.0,Home,672.94,0.0,45,36.65,0
CUST0301,1844185.48,1800000.0,Other,740.4,1.0,28,47.18,1
CUST0302,607094.7,663131.68,Car,600.12,1.0,56,52.94,1
CUST0303,523019.08,503305.56,Education,640.43,0.0,43,49.09,0
CUST0304,1108200.44,537100.18,Other,693.44,1.0,41,94.98,0
CUST0305,398204.2,149006.69,Education,653.63,1.0,52,31.4,0
CUST0306,965417.26,878661.7,Car,666.81,1.0,44,42.76,0
CUST0307,1407845.63,295237.39,Business,686.08,0.0,35,50.55,0
CUST0308,569201.12,415196.14,Car,734.59,1.0,37,43.91,1
CUST0309,2010291.97,1800000.0,Car,683.46,3.0,44,24.46,1
CUST0310,926424.64,425031.28,Business,561.97,1.0,51,21.55,1
CUST0311,932765.85,850255.63,Business,650.82,1.0,47,21.33,0
CUST0312,1377737.99,458456.82,Business,722.23,1.0,52,64.7,0
CUST0313,1593800.33,907650.32,Other,739.57,4.0,37,29.86,0
CUST0314,750683.26,902820.51,Business,743.16,1.0,42,56.9,1
CUST0315,1007543.39,1140892.33,Business,761.58,0.0,38,46.99,1
CUST0316,1401026.11,942030.93,Business,697.7,0.0,51,27.64,1
CUST0317,343084.33,452716.41,Home,707.11,5.0,48,27.99,1
CUST0318,251073.58,122720.91,Car,624.1,3.0,47,48.12,0
CUST0319,629746.72,364058.5,Business,548.65,0.0,47,46.78,0
CUST0320,247782.69,69993.49,Education,597.86,1.0,38,57.55,0
CUST0321,546904.97,551732.26,Home,644.38,1.0,41,35.8,0
CUST0322,772689.9,221443.24,Car,601.62,1.0,48,29.47,0
CUST0323,558565.03,310595.39,Car,670.96,1.0,48,47.54,0
CUST0324,601301.33,288854.67,Education,659.96,0.0,37,91.53,0
CUST0325,374673.8,341396.3,Business,750.96,1.0,48,17.61,0
CUST0326,1002699.67,671314.33,Other,627.01,1.0,41,30.18,1
CUST0327,362153.27,175814.91,Business,699.14,2.0,46,60.45,0
CUST0328,204460.83,60912.63,Business,662.72,1.0,33,50.14,0
CUST0329,579946.6,628083.55,Car,624.57,1.0,49,60.9,1
CUST0330,1075169.2,984752.58,Car,642.7,0.0,43,36.3,0
CUST0331,679175.32,411668.94,Car,556.67,2.0,50,20.1,0
CUST0332,342521.35,238530.3,Education,738.64,2.0,36,103.79,1
CUST0333,687488.7,205303.57,Home,781.15,1.0,48,77.37,0
CUST0334,827194.12,860072.12,Education,,2.0,37,44.46,1
CUST0335,683103.61,434200.24,Education,691.89,3.0,37,29.54,0
CUST0336,561971.44,155023.15,Car,670.77,2.0,44,35.21,1
CUST0337,849199.07,536163.94,Other,636.69,3.0,44,50.46,0
CUST0338,249844.21,370794.83,Education,735.82,3.0,58,39.68,0
CUST0339,397540.53,370163.02,Home,710.74,1.0,44,44.67,0
CUST0340,317065.35,106425.6,Car,500.71,0.0,40,100.66,1
CUST0341,1364556.67,1335257.29,Education,622.75,2.0,43,71.41,1
CUST0342,961591.58,268191.99,Car,556.55,1.0,39,25.06,0
CUST0343,719668.82,68762.51,Home,791.1,0.0,34,46.76,0
CUST0344,292694.81,166100.13,Education,678.83,0.0,50,34.69,0
CUST0345,978727.88,775867.55,Other,705.65,1.0,47,52.23,0
CUST0346,1393493.85,1378803.28,Car,667.04,0.0,46,43.6,0
CUST0347,890064.98,523646.23,Other,761.68,1.0,46,198.44,1
CUST0348,637544.95,214163.09,Business,745.95,3.0,40,55.77,0
CUST0349,920040.12,497202.08,Home,675.99,2.0,39,42.08,0
CUST0350,755270.7,186701.22,Business,801.67,0.0,42,113.09,1
CUST0351,1081727.19,278238.23,Car,702.05,1.0,39,49.87,1
CUST0352,1068487.6,508454.34,Home,595.09,2.0,50,21.06,0
CUST0353,575584.66,321335.04,Business,696.5,0.0,45,42.29,0
CUST0354,451971.72,65958.43,Business,723.63,2.0,40,61.16,1
CUST0355,521688.02,441642.85,Home,681.34,2.0,37,57.34,1
CUST0356,872785.7,89321.81,Other,663.25,0.0,45,74.38,1
CUST0357,539304.61,110393.11,Business,804.68,0.0,35,48.6,0
CUST0358,430170.26,407817.92,Other,612.92,2.0,45,46.91,0
CUST0359,649659.26,67244.68,Car,510.36,1.0,47,22.32,0
CUST0360,1195205.81,889721.48,Other,795.24,2.0,42,96.63,0
CUST0361,700141.04,230528.84,Car,610.31,0.0,36,38.62,0
CUST0362,558387.11,331153.05,Home,671.37,0.0,43,27.57,0
CUST0363,775268.83,214353.26,Business,665.47,1.0,48,167.44,0
CUST0364,680749.18,189298.66,Business,770.06,2.0,41,104.24,0
CUST0365,224409.38,214134.6,Education,783.27,1.0,38,35.97,0
CUST0366,953548.12,1151239.44,Car,606.0,0.0,42,17.57,1
CUST0367,813279.23,90906.45,Home,778.2,1.0,48,31.42,0
CUST0368,655807.21,316913.64,Education,777.0,2.0,45,99.11,0
CUST0369,1165923.26,1083651.14,Car,691.26,1.0,33,49.16,1
CUST0370,1266638.74,850185.94,Education,750.62,1.0,48,22.92,1
CUST0371,1008576.42,911292.06,Car,757.13,0.0,33,66.6,0
CUST0372,407201.0,68777.74,Other,673.59,2.0,41,40.52,0
CUST0373,415021.88,466856.2,Education,679.76,1.0,41,32.53,0
CUST0374,1201717.32,667907.36,Business,728.31,3.0,37,33.79,1
CUST0375,231481.33,121377.63,Other,584.15,0.0,39,86.48,1
CUST0376,598906.94,544681.23,Education,667.0,0.0,49,59.14,0
CUST0377,827886.9,617270.02,Home,611.98,1.0,32,21.41,0
CUST0378,248203.29,121606.89,Home,782.53,1.0,41,54.07,1
CUST0379,739416.34,593686.54,Business,666.24,1.0,37,47.49,0
CUST0380,1098727.92,832973.54,Home,707.96,2.0,59,36.47,0
CUST0381,287121.52,84153.5,Education,675.8,1.0,43,37.44,0
CUST0382,1618032.16,1444240.46,Home,671.57,1.0,49,29.2,0
CUST0383,372995.3,47953.94,Home,703.71,2.0,59,32.31,0
CUST0384,891653.23,904682.82,Car,642.51,0.0,43,52.01,0
CUST0385,620790.91,628451.83,Other,677.1,1.0,43,39.17,0
CUST0386,675333.04,349665.51,Education,676.62,1.0,46,59.12,0
CUST0387,320874.49,230434.98,Other,662.49,2.0,40,30.39,0
CUST0388,1300146.84,296772.61,Other,715.42,0.0,44,64.1,0
CUST0389,777596.9,166690.73,Home,660.95,1.0,34,86.82,0
CUST0390,1585150.22,1800000.0,Car,794.72,2.0,35,44.85,1
CUST0391,325509.91,61583.02,Business,730.88,1.0,41,58.38,0
CUST0392,588333.12,398330.47,Business,602.29,1.0,44,59.53,1
CUST0393,729393.56,864671.3,Car,725.81,2.0,42,35.01,1
CUST0394,671949.44,695549.23,Other,645.18,0.0,44,59.64,0
CUST0395,937957.18,748838.87,Home,698.82,1.0,44,14.48,1
CUST0396,584243.1,495611.74,Car,642.47,0.0,45,11.86,0
CUST0397,2088260.47,1762994.73,Education,547.36,0.0,39,38.17,0
CUST0398,664400.84,757539.33,Car,688.59,1.0,51,61.77,0
CUST0399,150000.0,125708.68,Home,596.76,3.0,60,43.13,0
CUST0400,680809.76,559474.04,Car,717.28,2.0,38,65.34,1
CUST0401,1300855.7,243164.93,Home,701.36,1.0,48,24.68,0
CUST0402,,58675.1,Education,650.75,0.0,33,69.97,0
CUST0403,377759.22,139853.67,Business,808.66,1.0,41,101.6,1
CUST0404,409426.76,510954.15,Business,609.45,0.0,43,31.77,1
CUST0405,359570.45,245879.15,Business,649.42,2.0,42,66.17,0
CUST0406,499347.09,494463.8,Car,617.16,2.0,41,45.52,1
CUST0407,1071790.44,726609.01,Car,822.69,2.0,40,56.13,0
CUST0408,1504860.32,1385755.85,Home,777.9,2.0,51,101.5,0
CUST0409,171337.4,199119.2,Car,597.56,1.0,53,53.0,0
CUST0410,527855.36,417615.46,Home,636.34,2.0,53,65.95,0
CUST0411,767743.94,443204.6,Business,638.54,0.0,44,23.93,0
CUST0412,726650.39,355042.84,Other,654.2,0.0,40,64.94,0
CUST0413,1848147.71,1800000.0,Education,622.22,1.0,39,100.65,0
CUST0414,215097.35,99986.27,Business,650.63,1.0,48,28.36,1
CUST0415,156489.23,178248.0,Home,755.32,1.0,50,38.29,0
CUST0416,2020679.76,839267.79,Education,816.55,2.0,44,63.42,0
CUST0417,983739.27,857734.86,Business,589.61,2.0,46,56.29,1
CUST0418,474716.6,352750.55,Car,622.33,0.0,38,22.8,0
CUST0419,714334.75,704902.86,Home,703.88,0.0,41,48.87,0
CUST0420,743034.19,298768.28,Business,587.28,2.0,34,38.1,0
CUST0421,468453.07,555956.93,Business,705.56,1.0,44,27.73,1
CUST0422,702714.34,625553.21,Business,725.11,2.0,49,88.68,0
CUST0423,790068.55,264316.15,Business,735.54,2.0,31,45.12,0
CUST0424,1969458.69,1593648.63,Other,723.29,0.0,40,73.57,0
CUST0425,1104193.56,602650.33,Home,655.21,1.0,30,25.03,0
CUST0426,1691887.57,821603.76,Home,678.19,0.0,53,60.41,0
CUST0427,310445.4,208111.07,Car,613.33,3.0,49,76.52,1
CUST0428,537008.47,630568.9,Home,720.18,2.0,37,39.87,0
CUST0429,742637.62,627830.83,Education,794.22,0.0,50,35.1,1
CUST0430,225962.02,196267.79,Education,720.04,0.0,44,23.44,1
CUST0431,1245129.72,670719.45,Education,644.82,1.0,45,29.16,1
CUST0432,925364.52,464130.04,Home,754.66,0.0,34,35.89,0
CUST0433,531145.07,598955.07,Other,843.77,1.0,42,27.62,0
CUST0434,587654.08,395618.64,Home,705.8,0.0,34,30.65,1
CUST0435,1295431.54,1426873.61,Car,726.04,2.0,44,48.7,1
CUST0436,419675.37,174450.18,Business,734.05,3.0,28,51.71,1
CUST0437,1324478.8,371486.23,Business,585.71,0.0,46,77.64,0
CUST0438,565862.47,567123.07,Car,663.28,1.0,45,30.75,0
CUST0439,985126.63,780186.05,Home,656.6,2.0,57,45.52,0
CUST0440,681770.22,336305.04,Education,744.27,0.0,51,36.52,0
CUST0441,2219925.64,936861.41,Home,736.69,3.0,46,35.25,0
CUST0442,398978.11,345460.7,Home,682.15,0.0,35,38.42,0
CUST0443,474217.9,254768.34,Education,652.7,2.0,29,40.8,1
CUST0444,283894.69,298642.05,Car,580.37,1.0,54,51.0,1
CUST0445,355582.01,212321.47,Car,689.0,1.0,30,38.15,0
CUST0446,962171.61,494344.98,Car,627.95,1.0,51,83.12,0
CUST0447,1567225.86,1800000.0,Other,619.9,1.0,40,19.19,1
CUST0448,1024066.6,439234.51,Other,750.21,0.0,34,76.22,1
CUST0449,648075.39,392558.67,Car,743.42,1.0,49,37.43,0
CUST0450,397615.07,304333.12,Home,658.24,2.0,50,40.95,1
CUST0451,1065396.84,463473.19,Car,588.01,4.0,35,44.78,1
CUST0452,385769.99,180639.97,Home,636.32,3.0,44,64.04,0
CUST0453,309528.11,277161.05,Education,754.56,0.0,49,28.98,0
CUST0454,548569.64,381920.78,Education,720.4,2.0,36,32.4,0
CUST0455,212364.69,138221.32,Car,659.33,1.0,48,57.8,0
CUST0456,304055.63,131513.73,Car,693.82,0.0,51,19.25,0
CUST0457,1834022.73,1360447.27,Home,555.14,2.0,38,44.24,1
CUST0458,274575.9,141506.75,Car,550.22,2.0,44,30.2,0
CUST0459,338150.4,239645.82,Car,818.51,1.0,48,27.18,0
CUST0460,676194.3,191207.84,Education,722.92,0.0,45,19.83,0
CUST0461,695839.82,663277.42,Education,690.11,0.0,42,66.21,0
CUST0462,571308.3,745095.13,Education,664.2,3.0,52,48.72,1
CUST0463,215965.1,165250.23,Car,575.48,1.0,46,32.15,0
CUST0464,1036537.9,1031762.78,Education,754.56,1.0,42,41.45,1
CUST0465,509430.27,352734.41,Car,616.1,1.0,39,26.06,1
CUST0466,1271839.56,1241850.24,Home,735.77,0.0,48,34.42,0
CUST0467,455922.42,647858.24,Education,698.58,1.0,47,40.75,0
CUST0468,1115819.34,420503.41,Home,686.61,2.0,44,46.46,0
CUST0469,1325862.22,699632.21,Education,605.35,2.0,36,54.75,1
CUST0470,502780.71,391696.77,Business,606.21,1.0,35,18.24,0
CUST0471,1054919.74,555041.29,Other,715.35,0.0,44,54.83,0
CUST0472,313021.79,51397.9,Other,695.15,0.0,35,18.99,0
CUST0473,751447.68,826173.1,Home,693.07,1.0,47,55.84,1
CUST0474,1273084.03,334092.21,Other,708.59,0.0,38,40.45,0
CUST0475,864493.19,539102.97,Business,564.11,1.0,41,77.66,0
CUST0476,2441567.48,1800000.0,Education,755.98,1.0,35,32.12,1
CUST0477,891467.75,389116.67,Home,666.87,0.0,49,66.49,0
CUST0478,531696.68,529491.5,Business,766.03,1.0,41,25.1,0
CUST0479,3000000.0,1800000.0,Home,559.46,1.0,38,47.45,0
CUST0480,1596402.47,1135231.08,Business,726.99,5.0,33,16.24,1
CUST0481,269178.09,47343.3,Home,726.37,2.0,47,69.98,1
CUST0482,422285.82,264887.12,Education,593.4,2.0,40,106.71,1
CUST0483,367228.92,395811.19,Car,648.45,0.0,39,31.74,0
CUST0484,927106.69,302953.44,Home,621.13,0.0,40,47.85,1
CUST0485,889900.17,778314.6,Home,746.11,0.0,48,56.18,0
CUST0486,886136.43,1054688.54,Car,710.08,0.0,38,20.73,1
CUST0487,265210.05,251658.77,Home,793.93,1.0,50,30.94,0
CUST0488,457612.16,441887.84,Car,703.19,1.0,48,30.0,0
CUST0489,598762.77,153619.08,Education,737.6,0.0,67,149.93,0
CUST0490,238630.44,395710.71,Business,766.18,2.0,40,75.91,0
CUST0491,402408.24,55419.55,Education,726.04,1.0,50,40.37,0
CUST0492,1370609.63,1151949.15,Home,665.03,0.0,41,66.43,1
CUST0493,276505.46,184353.73,Car,652.93,1.0,50,50.01,0
CUST0494,1447170.62,1347198.8,Car,684.82,2.0,24,60.53,1
CUST0495,1184533.57,872857.73,Other,741.78,0.0,40,26.57,1
CUST0496,553945.82,85563.74,Business,640.2,1.0,43,89.42,1
CUST0497,454906.64,354434.44,Car,732.39,0.0,44,30.65,0
CUST0498,1027082.52,674042.07,Home,710.97,1.0,46,31.46,0
CUST0499,421455.95,188685.42,Business,608.54,0.0,55,60.45,1
CUST0500,433145.41,521073.91,Business,729.23,2.0,43,53.49,0
CUST0501,641522.81,514675.54,Business,699.22,,36,45.52,0
CUST0502,201410.25,54184.66,Business,654.22,1.0,41,68.47,1
CUST0503,292798.83,88750.64,Car,698.28,3.0,51,25.18,1
CUST0504,546404.03,505229.73,Home,656.74,4.0,44,113.16,1
CUST0505,844382.15,371808.49,Car,706.1,1.0,38,35.03,0
CUST0506,418261.44,280291.49,Car,679.08,2.0,46,43.05,0
CUST0507,583057.96,271117.32,Car,590.55,0.0,49,114.04,0
CUST0508,267620.43,205692.66,Education,681.03,0.0,42,31.56,1
CUST0509,1085546.13,1290985.51,Home,661.23,3.0,40,75.05,1
CUST0510,733639.41,269383.41,Car,731.31,2.0,47,40.43,1
CUST0511,770217.24,697930.04,Car,747.18,2.0,43,29.54,1
CUST0512,850232.81,823154.52,Home,656.91,0.0,40,37.14,1
CUST0513,678539.36,572259.0,Car,638.69,3.0,54,59.73,1
CUST0514,498148.06,224427.59,Business,580.79,2.0,39,74.72,1
CUST0515,1209887.14,983295.41,Business,637.09,2.0,32,50.37,0
CUST0516,708575.77,645228.31,Car,668.99,3.0,42,20.24,1
CUST0517,593375.06,99885.81,Car,602.95,3.0,38,61.83,1
CUST0518,646913.31,363832.07,Home,748.05,0.0,47,41.91,0
CUST0519,639375.28,339992.77,Education,707.04,4.0,48,25.93,1
CUST0520,590105.47,198074.22,Car,682.17,1.0,44,53.51,0
CUST0521,830751.62,553189.02,Car,688.92,2.0,44,79.33,1
CUST0522,388482.93,462041.45,Business,709.89,2.0,30,45.15,1
CUST0523,404413.27,30000.0,Car,731.15,0.0,44,71.4,0
CUST0524,884097.54,488244.73,Home,742.59,1.0,50,56.7,1
CUST0525,600096.65,570527.48,Home,669.91,0.0,49,57.07,0
CUST0526,1109027.26,678484.01,Car,680.77,0.0,41,38.63,0
CUST0527,813914.9,964191.94,Car,701.24,1.0,36,67.76,1
CUST0528,479635.77,138820.58,Business,678.12,0.0,44,71.08,0
CUST0529,891829.85,1030565.12,Education,746.7,0.0,55,66.89,1
CUST0530,1255673.54,821950.69,Business,769.78,1.0,31,38.47,1
CUST0531,831150.69,608601.98,Car,712.36,0.0,42,73.64,1
CUST0532,937338.13,985499.68,Car,630.97,2.0,40,54.59,0
CUST0533,591403.42,296070.12,Car,723.05,1.0,50,27.67,0
CUST0534,1122309.95,245230.35,Car,714.94,0.0,35,37.19,0
CUST0535,472289.73,350844.34,Education,625.52,3.0,40,34.52,1
CUST0536,783030.01,587921.15,Home,714.87,2.0,33,16.66,1
CUST0537,2670980.06,1800000.0,Business,654.63,1.0,43,74.32,0
CUST0538,874241.75,1041212.05,Car,738.5,2.0,44,212.14,0
CUST0539,515728.87,335228.88,Home,722.52,2.0,32,82.34,0
CUST0540,514997.29,355722.96,Home,704.49,3.0,51,48.82,0
CUST0541,624989.24,308147.99,Home,692.51,1.0,32,34.77,0
CUST0542,1038110.53,548733.4,Car,551.33,1.0,37,28.34,1
CUST0543,704261.68,644964.63,Home,611.07,1.0,56,48.52,1
CUST0544,454993.01,486995.95,Home,681.5,0.0,47,73.03,0
CUST0545,454550.5,283161.28,Education,788.76,1.0,34,32.12,0
CUST0546,706695.23,181964.62,Education,726.7,3.0,38,162.19,0
CUST0547,665334.29,285692.91,Home,807.91,0.0,38,22.53,0
CUST0548,834814.26,427901.0,Car,695.39,0.0,51,50.35,0
CUST0549,1076630.79,1009884.35,Business,687.99,2.0,35,46.61,0
CUST0550,2913237.25,707402.25,Other,782.63,3.0,37,45.15,0
CUST0551,290863.45,358332.39,Education,679.65,1.0,46,33.86,0
CUST0552,948371.72,841326.68,Home,625.88,1.0,41,46.89,1
CUST0553,686112.5,644022.99,Business,710.59,0.0,56,35.94,0
CUST0554,235675.4,268555.72,Education,762.96,1.0,41,85.68,0
CUST0555,1292345.76,1187869.23,Home,636.31,2.0,42,101.2,0
CUST0556,819437.1,706817.32,Business,,1.0,34,37.05,0
CUST0557,1009152.17,1012253.71,Car,683.94,1.0,43,19.77,1
CUST0558,255262.38,212823.84,Other,719.34,1.0,50,52.75,0
CUST0559,575790.02,488226.34,Business,710.38,2.0,57,51.8,1
CUST0560,359032.91,267236.42,Education,663.07,0.0,36,47.43,0
CUST0561,2135973.69,633447.55,Business,683.1,1.0,39,58.74,1
CUST0562,1219840.09,766686.05,Car,667.04,2.0,47,89.79,0
CUST0563,446947.03,496354.9,Car,697.72,0.0,42,68.25,0
CUST0564,279170.01,45902.4,Business,635.0,2.0,62,58.7,1
CUST0565,723212.18,363788.04,Business,650.54,1.0,41,65.6,1
CUST0566,1185363.15,508559.58,Business,663.09,0.0,55,51.03,0
CUST0567,250308.18,264516.43,Business,715.46,1.0,36,28.05,0
CUST0568,389356.86,94457.73,Other,597.99,1.0,41,92.93,1
CUST0569,353859.79,292561.29,Business,683.04,2.0,49,47.37,1
CUST0570,1047113.65,356565.06,Car,643.97,1.0,47,28.04,0
CUST0571,530365.49,141515.34,Home,663.26,1.0,44,25.6,0
CUST0572,542727.46,605061.27,Business,647.09,1.0,42,28.44,1
CUST0573,715536.38,314120.47,Car,702.65,0.0,50,24.3,0
CUST0574,400982.55,394878.52,Car,679.79,0.0,30,62.87,0
CUST0575,293813.34,35296.01,Home,736.25,1.0,54,41.23,1
CUST0576,1380635.53,655321.88,Business,716.11,1.0,50,66.33,0
CUST0577,1452932.93,453941.14,Business,590.09,2.0,44,80.75,1
CUST0578,717478.31,299610.97,Education,627.6,1.0,46,70.96,1
CUST0579,746695.81,851402.64,Car,678.75,0.0,37,61.79,1
CUST0580,1300533.77,1458987.75,Education,687.21,2.0,47,51.96,1
CUST0581,708487.08,150560.62,Education,633.33,3.0,42,40.91,0
CUST0582,516192.37,351876.46,Car,774.76,1.0,35,42.3,0
CUST0583,664216.99,408883.89,Car,746.2,2.0,48,60.27,1
CUST0584,1398583.35,608548.28,Car,583.09,0.0,37,27.83,1
CUST0585,669344.77,252999.26,Education,712.45,3.0,42,43.8,0
CUST0586,449804.02,638505.08,Education,687.02,0.0,42,31.04,1
CUST0587,704736.16,780861.81,Car,770.85,0.0,47,80.9,1
CUST0588,932524.19,1009279.39,Other,587.96,1.0,40,64.4,1
CUST0589,872979.25,924497.68,Home,823.89,1.0,44,131.03,0
CUST0590,880971.73,732734.46,Car,635.21,3.0,46,30.81,1
CUST0591,412526.17,255604.73,Car,714.6,1.0,42,32.51,0
CUST0592,992800.09,440986.56,Home,650.59,0.0,46,46.31,1
CUST0593,660256.65,180964.05,Car,665.55,1.0,56,31.31,0
CUST0594,439433.86,397517.31,Home,580.19,0.0,54,58.88,0
CUST0595,988467.54,978827.63,Car,767.8,1.0,38,43.87,0
CUST0596,506472.99,400868.85,Car,672.47,1.0,44,35.25,0
CUST0597,273447.27,380939.64,Business,676.89,1.0,37,77.51,1
CUST0598,374893.15,484653.55,Car,840.31,3.0,46,17.85,1
CUST0599,588202.95,742823.65,Home,752.36,2.0,55,59.01,1
CUST0600,893403.76,256882.33,Business,646.56,2.0,33,34.16,0
CUST0601,404128.9,376037.32,Home,650.33,1.0,46,67.7,0
CUST0602,569414.14,536744.18,Business,706.89,0.0,49,76.31,0
CUST0603,332898.75,101648.64,Other,740.1,3.0,37,14.42,0
CUST0604,1115536.2,1400346.62,Car,803.91,3.0,41,40.48,1
CUST0605,1671546.42,1800000.0,Other,585.47,1.0,46,46.33,1
CUST0606,1575105.84,498688.21,Business,737.26,0.0,45,13.84,0
CUST0607,1105122.11,167271.99,Other,747.7,2.0,49,50.43,1
CUST0608,1044561.9,917545.24,Education,638.68,2.0,51,34.56,1
CUST0609,207979.31,193695.97,Home,666.58,1.0,49,24.63,0
CUST0610,716528.23,735718.08,Business,584.03,5.0,40,32.51,1
CUST0611,494784.06,214962.72,Home,657.44,0.0,46,29.81,0
CUST0612,1054929.12,63517.07,Home,705.09,3.0,43,33.83,0
CUST0613,160982.16,30000.0,Home,793.62,3.0,47,49.36,1
CUST0614,722779.79,160853.32,Car,799.61,2.0,48,73.5,0
CUST0615,577684.74,186842.54,Car,623.1,2.0,41,43.28,1
CUST0616,1202440.87,1368524.31,Business,784.76,1.0,56,78.1,1
CUST0617,1522890.18,693998.08,Other,563.29,0.0,44,26.67,1
CUST0618,389984.52,299017.36,Home,651.98,1.0,40,48.57,1
CUST0619,399786.89,30000.0,Other,670.38,2.0,41,129.02,0
CUST0620,737853.65,363257.71,Other,706.37,2.0,45,20.32,0
CUST0621,1686721.26,1600815.68,Home,696.92,1.0,42,19.93,1
CUST0622,671861.31,480855.55,Car,713.77,1.0,47,85.34,1
CUST0623,321640.22,235870.06,Business,678.11,0.0,53,50.25,0
CUST0624,465794.58,298321.51,Education,752.37,2.0,58,33.31,0
CUST0625,726644.71,331625.55,Business,734.97,3.0,49,25.58,1
CUST0626,741802.99,522951.58,Business,671.18,4.0,37,44.2,1
CUST0627,441299.67,214590.22,Car,744.76,0.0,47,48.11,0
CUST0628,460718.62,368712.73,Home,824.45,1.0,47,48.23,0
CUST0629,378838.49,194541.42,Education,646.24,0.0,39,25.46,0
CUST0630,1217575.07,902762.02,Home,798.9,2.0,48,38.02,1
CUST0631,410693.02,58804.7,Education,652.07,1.0,47,33.87,0
CUST0632,503375.07,413071.37,Business,781.67,1.0,49,62.17,1
CUST0633,495557.43,519231.46,Education,654.51,0.0,37,26.22,1
CUST0634,268726.97,96710.0,Other,739.77,3.0,44,46.74,0
CUST0635,404274.44,394274.31,Car,701.68,3.0,53,167.97,0
CUST0636,1277228.84,1595890.89,Business,573.96,4.0,41,25.34,0
CUST0637,334241.59,427877.62,Education,814.51,1.0,41,30.97,0
CUST0638,382591.98,241991.41,Other,631.8,2.0,39,42.94,0
CUST0639,312333.71,115058.55,Business,607.48,0.0,41,10.33,1
CUST0640,618400.31,521842.42,Home,648.44,2.0,37,22.05,1
CUST0641,1833504.72,1658120.93,Other,850.0,1.0,45,52.56,0
CUST0642,604251.52,422189.83,Education,608.51,1.0,42,41.22,0
CUST0643,674311.07,337571.49,Home,701.59,0.0,46,76.25,0
CUST0644,419673.23,588513.17,Education,616.99,3.0,38,39.95,1
CUST0645,628340.64,244915.52,Business,628.14,0.0,45,38.23,1
CUST0646,1277870.16,747886.87,Education,586.04,1.0,47,31.67,1
CUST0647,703151.61,49963.47,Car,710.49,0.0,43,37.91,0
CUST0648,2099481.96,1800000.0,Business,679.52,2.0,45,24.55,1
CUST0649,1299436.78,331200.62,Business,616.46,1.0,39,41.8,0
CUST0650,619862.93,621115.71,Education,746.76,0.0,37,27.69,0
CUST0651,613260.03,129722.04,Home,753.62,0.0,29,24.56,0
CUST0652,1593965.3,1280625.36,Home,716.47,0.0,43,32.69,1
CUST0653,700995.47,794816.36,Business,766.09,2.0,41,56.39,1
CUST0654,1410753.48,786455.93,Business,667.31,0.0,44,48.32,0
CUST0655,1955832.87,1187459.23,Home,710.95,0.0,49,62.83,0
CUST0656,580942.46,354826.56,Car,667.57,1.0,44,28.36,0
CUST0657,788827.62,402263.66,Home,592.02,1.0,37,44.7,0
CUST0658,1114292.18,1047961.78,Business,704.25,0.0,38,105.38,0
CUST0659,991379.48,418404.37,Home,700.31,0.0,57,90.51,1
CUST0660,987564.95,943826.2,Home,688.04,3.0,46,23.79,1
CUST0661,312174.32,137638.99,Home,714.3,0.0,52,27.18,0
CUST0662,407623.18,58696.0,Education,781.77,2.0,41,105.15,0
CUST0663,495008.78,336878.62,Car,676.71,1.0,47,56.4,1
CUST0664,1267629.38,1093761.08,Car,627.78,0.0,43,40.91,1
CUST0665,329480.17,170918.45,Other,673.9,2.0,46,38.69,0
CUST0666,1502291.75,1267048.89,Home,681.11,0.0,47,50.42,0
CUST0667,998127.6,427522.82,Car,753.93,2.0,37,50.74,1
CUST0668,1226351.75,150578.67,Other,696.93,3.0,36,34.47,0
CUST0669,389837.18,413824.52,Car,615.37,1.0,37,41.47,1
CUST0670,676368.92,839132.24,Education,742.35,2.0,46,33.87,0
CUST0671,766159.9,54532.34,Home,731.93,1.0,30,48.96,1
CUST0672,747851.34,536125.65,Business,696.96,1.0,51,31.12,0
CUST0673,764776.73,404808.87,Car,751.64,2.0,41,23.87,0
CUST0674,558292.38,639548.53,Business,762.51,0.0,27,94.1,1
CUST0675,700179.17,996779.27,Home,665.47,2.0,46,43.46,1
CUST0676,1147605.11,1214883.82,Car,631.49,2.0,47,105.13,1
CUST0677,342198.37,216330.09,Business,689.23,0.0,40,17.12,0
CUST0678,1522105.62,634131.55,Other,724.88,3.0,47,21.8,0
CUST0679,1115454.01,1063984.5,Home,683.15,1.0,53,56.83,1
CUST0680,382263.94,321976.64,Business,625.75,1.0,35,43.48,1
CUST0681,802781.19,191268.73,Car,700.57,1.0,45,25.22,0
CUST0682,1067203.22,599182.49,Education,557.82,0.0,41,79.43,1
CUST0683,329494.95,317038.36,Car,668.91,0.0,48,29.13,0
CUST0684,665181.88,694690.62,Education,745.33,0.0,43,81.94,1
CUST0685,622528.21,143469.67,Car,748.85,1.0,58,43.44,0
CUST0686,455731.16,421484.25,Car,445.61,2.0,41,26.36,1
CUST0687,683870.53,684612.6,Home,677.48,1.0,45,32.21,0
CUST0688,467226.78,289663.37,Home,728.95,0.0,46,89.37,1
CUST0689,1384149.64,865303.35,Other,613.55,2.0,45,38.78,1
CUST0690,460502.36,374807.88,Other,665.82,1.0,46,73.17,1
CUST0691,1004817.07,520222.58,Business,768.5,0.0,41,90.64,1
CUST0692,261519.76,54531.37,Car,658.53,1.0,41,43.23,0
CUST0693,594652.36,547873.99,Car,793.91,2.0,35,40.25,0
CUST0694,654416.17,603896.34,Business,641.82,0.0,53,36.75,0
CUST0695,584123.41,463836.7,Other,781.64,0.0,64,53.66,0
CUST0696,522694.57,584309.3,Car,692.18,0.0,35,95.55,1
CUST0697,450266.26,282347.85,Business,632.91,0.0,47,24.36,1
CUST0698,984338.45,363136.62,Other,781.86,3.0,40,50.21,0
CUST0699,1126278.58,972565.96,Business,611.58,2.0,46,49.14,0
CUST0700,621281.25,266852.9,Home,638.26,1.0,34,18.26,0
CUST0701,355605.42,324995.57,Home,721.84,3.0,37,28.87,1
CUST0702,1743490.64,575048.11,Car,695.25,1.0,52,31.99,0
CUST0703,,300451.77,Education,707.81,2.0,38,65.94,1
CUST0704,291281.49,112790.49,Home,666.06,2.0,52,71.96,0
CUST0705,214869.38,112356.73,Car,612.04,2.0,41,17.62,0
CUST0706,686544.4,162586.1,Business,647.6,2.0,34,61.95,1
CUST0707,576741.03,130521.57,Car,775.83,0.0,51,58.07,0
CUST0708,1145960.6,412293.97,Car,603.1,0.0,46,60.09,0
CUST0709,909658.15,943033.58,Education,796.89,0.0,41,48.57,0
CUST0710,762485.15,381341.73,Education,710.53,0.0,53,72.38,1
CUST0711,559878.84,219075.59,Business,651.21,0.0,44,80.84,1
CUST0712,1196863.74,359151.5,Home,559.87,1.0,38,19.88,1
CUST0713,1815355.89,1683956.54,Business,568.41,0.0,46,43.92,1
CUST0714,1132192.08,176317.31,Education,666.87,0.0,42,39.62,0
CUST0715,503724.74,196624.97,Home,658.99,0.0,41,33.79,0
CUST0716,999078.56,497043.41,Business,697.65,1.0,40,35.85,0
CUST0717,521038.02,384465.72,Car,801.74,1.0,43,49.41,0
CUST0718,353960.51,333082.61,Car,724.94,2.0,62,23.53,1
CUST0719,396430.55,283605.52,Car,681.64,0.0,52,62.93,0
CUST0720,533774.91,670353.05,Car,769.09,0.0,45,37.42,0
CUST0721,688248.65,821307.75,Car,699.79,0.0,44,69.69,0
CUST0722,2018867.51,1100485.67,Business,793.98,0.0,41,33.01,1
CUST0723,400231.51,472403.4,Home,646.31,1.0,51,32.12,0
CUST0724,1345998.01,1358506.32,Other,615.39,1.0,36,28.05,1
CUST0725,545923.91,750805.27,Education,559.98,2.0,37,33.1,0
CUST0726,214425.13,92485.7,Home,683.15,1.0,44,30.14,1
CUST0727,492169.45,520820.77,Home,609.75,2.0,31,55.93,0
CUST0728,1241599.45,651502.23,Education,608.83,1.0,49,75.96,0
CUST0729,785672.94,954842.3,Education,757.23,2.0,34,54.63,1
CUST0730,811935.19,273241.65,Home,578.06,0.0,43,43.29,0
CUST0731,1349716.12,537347.8,Home,696.73,0.0,29,57.4,1
CUST0732,367597.06,200256.85,Business,684.59,2.0,39,44.19,0
CUST0733,364493.83,82142.59,Home,695.99,2.0,41,45.65,0
CUST0734,187152.09,144386.41,Business,779.97,0.0,42,38.6,0
CUST0735,1052967.35,249565.81,Education,636.33,1.0,51,68.37,0
CUST0736,885664.93,344160.29,Car,780.02,0.0,44,12.47,1
CUST0737,967924.36,1070830.65,Car,575.59,2.0,43,15.49,0
CUST0738,339107.17,307867.32,Home,732.3,1.0,40,75.21,0
CUST0739,268979.57,233888.12,Business,785.96,1.0,48,40.79,0
CUST0740,314562.35,150531.3,Home,426.49,0.0,51,71.18,0
CUST0741,391332.51,101227.28,Car,687.7,1.0,44,33.2,0
CUST0742,1527900.37,1434562.58,Education,682.41,0.0,38,103.94,1
CUST0743,1126692.99,1103415.89,Home,694.67,1.0,56,42.03,0
CUST0744,505198.29,403512.19,Car,801.25,2.0,53,56.34,1
CUST0745,766290.21,897482.59,Business,640.36,0.0,39,35.98,1
CUST0746,447587.98,552976.03,Car,613.01,1.0,39,28.73,0
CUST0747,794192.78,1026252.55,Other,695.14,2.0,33,18.84,0
CUST0748,347588.64,205756.37,Business,763.08,2.0,51,66.65,0
CUST0749,982019.0,340277.37,Car,726.31,3.0,36,54.84,1
CUST0750,407334.84,362169.3,Car,692.23,1.0,41,47.16,0
CUST0751,1012548.43,925417.89,Car,675.1,0.0,47,25.47,0
CUST0752,513828.61,46824.39,Education,559.55,1.0,44,91.32,0
CUST0753,420914.86,431432.54,Car,728.08,0.0,37,47.45,0
CUST0754,1578326.77,266631.49,Other,735.85,1.0,41,63.95,0
CUST0755,716438.75,415337.09,Education,645.0,0.0,41,44.93,0
CUST0756,544448.09,266012.72,Car,659.79,0.0,46,26.1,0
CUST0757,986309.73,833050.24,Education,621.87,1.0,44,73.91,0
CUST0758,311057.34,43044.51,Car,746.43,0.0,56,56.38,0
CUST0759,1194815.83,1221178.09,Business,666.22,0.0,40,41.1,1
CUST0760,602012.24,529524.97,Education,680.3,0.0,51,55.9,0
CUST0761,904521.08,865365.75,Home,730.9,0.0,40,67.72,0
CUST0762,277450.34,262584.04,Home,711.25,0.0,46,62.6,0
CUST0763,526703.67,398235.58,Business,726.61,1.0,39,19.13,1
CUST0764,651639.46,810096.16,Education,701.36,0.0,58,21.36,0
CUST0765,1145546.31,323233.93,Other,702.81,2.0,33,64.92,0
CUST0766,945012.78,531207.79,Home,702.2,0.0,50,31.77,0
CUST0767,523800.03,228943.66,Car,719.44,3.0,56,26.64,0
CUST0768,774210.37,256031.05,Home,722.6,2.0,41,54.2,0
CUST0769,1297358.26,1332183.7,Education,610.39,0.0,51,26.24,1
CUST0770,582295.88,178415.53,Car,651.18,1.0,41,35.41,0
CUST0771,548450.28,283884.31,Home,676.78,0.0,53,68.91,0
CUST0772,229897.79,125299.26,Education,719.37,1.0,38,21.11,0
CUST0773,557511.19,478058.47,Education,793.83,0.0,40,22.7,0
CUST0774,249679.35,180147.16,Home,637.14,2.0,47,20.11,0
CUST0775,610384.01,530699.82,Car,747.11,0.0,55,29.26,0
CUST0776,1119286.48,210682.1,Business,653.02,0.0,38,46.9,0
CUST0777,202587.25,190065.04,Home,779.08,0.0,48,33.03,0
CUST0778,1281500.86,876994.36,Car,,1.0,55,95.42,0
CUST0779,542045.34,518827.78,Car,576.38,1.0,34,56.5,1
CUST0780,640360.75,330481.83,Business,668.79,3.0,37,44.58,0
CUST0781,493065.23,600450.46,Business,537.23,3.0,45,84.81,1
CUST0782,253329.77,75568.77,Car,580.16,0.0,45,23.13,1
CUST0783,422558.68,425126.1,Car,584.21,0.0,52,69.4,1
CUST0784,2060178.48,415510.78,Business,730.56,0.0,42,39.99,0
CUST0785,355721.22,298908.33,Other,718.4,2.0,42,35.84,0
CUST0786,271313.25,188471.91,Education,742.08,0.0,51,61.08,0
CUST0787,702526.01,180457.85,Other,729.51,0.0,50,36.61,0
CUST0788,620047.0,284337.42,Education,721.53,0.0,50,49.28,1
CUST0789,544104.31,653679.97,Business,697.27,1.0,37,42.81,0
CUST0790,655185.72,378050.68,Car,681.49,0.0,44,52.45,1
CUST0791,926379.33,412031.28,Car,756.27,3.0,43,34.92,0
CUST0792,470611.25,440039.56,Home,690.8,1.0,46,71.52,0
CUST0793,723353.46,301948.23,Business,724.14,1.0,34,16.19,0
CUST0794,1141505.66,1147476.63,Other,538.53,1.0,48,62.0,1
CUST0795,375990.39,241536.51,Education,613.62,0.0,50,17.48,1
CUST0796,181231.03,100211.64,Car,753.71,1.0,35,30.87,0
CUST0797,940034.93,631389.83,Home,646.55,2.0,54,58.43,0
CUST0798,2574992.19,1800000.0,Home,599.3,3.0,37,16.44,0
CUST0799,647376.02,318310.63,Home,731.68,0.0,45,48.91,1
CUST0800,726352.24,682379.64,Education,690.09,2.0,37,22.67,1
CUST0801,552402.93,379336.7,Other,663.55,2.0,43,27.72,0
CUST0802,1556828.2,1027254.41,Home,788.09,1.0,50,27.09,1
CUST0803,622787.92,426450.53,Home,776.93,1.0,38,22.99,0
CUST0804,586611.1,546854.68,Education,677.79,3.0,43,18.95,1
CUST0805,1072714.32,1131028.78,Car,736.95,0.0,53,126.76,0
CUST0806,498011.03,210625.87,Business,544.48,0.0,39,41.08,0
CUST0807,320663.03,64087.15,Car,761.07,0.0,43,24.24,0
CUST0808,1055993.78,1001203.96,Car,619.37,1.0,43,33.97,0
CUST0809,469477.98,88856.48,Home,595.61,1.0,37,45.83,0
CUST0810,380113.29,469715.89,Home,573.96,1.0,38,37.24,0
CUST0811,2063169.87,1552983.69,Education,568.93,1.0,41,23.88,1
CUST0812,589187.29,552524.87,Home,760.22,1.0,43,28.7,1
CUST0813,853031.7,322529.85,Car,731.02,1.0,49,81.41,1
CUST0814,660642.53,375393.21,Car,640.22,0.0,35,22.32,0
CUST0815,399213.61,341695.6,Home,745.57,1.0,26,16.58,0
CUST0816,949713.97,973667.64,Home,651.33,1.0,42,37.07,0
CUST0817,772777.22,829197.85,Education,711.04,2.0,47,17.13,0
CUST0818,452285.43,134538.26,Business,658.65,0.0,53,28.55,0
CUST0819,824871.03,219950.28,Other,682.2,0.0,28,24.06,0
CUST0820,489851.27,62779.06,Home,630.97,1.0,38,24.17,0
CUST0821,354071.87,384915.94,Home,640.61,2.0,35,46.59,0
CUST0822,334907.83,112388.54,Home,725.37,2.0,43,51.17,0
CUST0823,754084.63,132341.86,Car,735.81,2.0,47,30.08,1
CUST0824,526615.33,166306.25,Education,663.08,0.0,43,42.93,1
CUST0825,1484613.24,797605.75,Business,590.84,1.0,47,29.34,0
CUST0826,634822.48,734071.77,Business,850.0,0.0,47,54.99,1
CUST0827,422044.41,382546.82,Home,692.39,1.0,37,21.5,0
CUST0828,708940.83,304388.33,Car,710.29,4.0,33,48.88,0
CUST0829,318979.02,173537.86,Other,608.01,1.0,48,50.76,1
CUST0830,620608.33,293795.13,Car,768.99,0.0,41,144.7,0
CUST0831,774729.62,30000.0,Car,778.91,1.0,37,18.72,0
CUST0832,723855.75,310272.5,Other,578.98,0.0,40,169.79,0
CUST0833,1330769.1,1123364.23,Business,683.34,0.0,45,65.69,1
CUST0834,2712447.88,755701.69,Business,678.27,1.0,37,112.2,1
CUST0835,940339.44,392934.19,Home,845.25,0.0,39,70.76,0
CUST0836,1243033.87,631386.53,Car,783.83,0.0,40,28.08,0
CUST0837,2632993.86,1800000.0,Home,595.7,3.0,39,62.53,1
CUST0838,373735.43,199111.42,Education,642.68,2.0,49,32.26,0
CUST0839,698417.76,731408.42,Home,631.96,1.0,57,43.06,1
CUST0840,499733.16,419491.61,Business,714.16,2.0,46,25.01,0
CUST0841,1033218.64,879348.81,Business,792.19,1.0,40,32.05,0
CUST0842,754732.04,98996.02,Education,697.1,1.0,51,70.47,1
CUST0843,414401.2,312036.25,Home,722.58,4.0,32,56.02,1
CUST0844,653925.65,114872.82,Home,646.82,2.0,47,75.1,1
CUST0845,1156068.0,641771.1,Business,722.23,0.0,54,22.37,1
CUST0846,317324.15,316828.52,Education,659.33,0.0,40,17.66,0
CUST0847,419235.52,342643.4,Business,583.35,0.0,43,78.06,1
CUST0848,386051.61,584342.53,Car,718.01,0.0,45,75.23,0
CUST0849,777816.37,517614.41,Car,689.36,0.0,37,50.02,0
CUST0850,1285954.09,1388674.27,Business,618.68,1.0,47,55.49,0
CUST0851,215210.88,181181.0,Car,796.95,2.0,40,69.35,1
CUST0852,684638.92,687841.3,Education,640.18,2.0,48,49.28,0
CUST0853,390977.87,396614.29,Business,729.59,0.0,41,58.85,1
CUST0854,1129967.2,1220703.01,Home,666.43,0.0,33,67.63,0
CUST0855,570572.25,592168.24,Home,790.33,1.0,44,42.94,0
CUST0856,698435.64,410272.18,Education,674.56,0.0,47,37.86,0
CUST0857,649522.2,185313.85,Home,581.15,0.0,35,54.47,0
CUST0858,1206275.39,1012515.66,Business,742.65,1.0,44,139.63,1
CUST0859,2005642.43,1800000.0,Business,790.07,1.0,37,29.45,0
CUST0860,348245.06,183402.06,Business,662.21,1.0,31,36.28,0
CUST0861,384931.92,316650.7,Education,734.13,1.0,37,18.7,0
CUST0862,775723.55,751032.08,Home,698.41,1.0,53,55.93,0
CUST0863,414864.13,202866.68,Home,665.12,1.0,38,34.53,0
CUST0864,1086203.03,514845.23,Business,744.65,1.0,37,22.34,0
CUST0865,1186469.02,659424.05,Home,638.0,1.0,47,43.59,0
CUST0866,481234.84,121149.97,Business,692.11,0.0,48,95.01,0
CUST0867,427103.71,405010.69,Business,706.73,2.0,40,37.74,0
CUST0868,558829.21,591015.2,Car,704.37,2.0,44,39.5,1
CUST0869,688270.81,713272.55,Car,639.6,0.0,58,93.18,1
CUST0870,772886.97,342304.31,Education,823.87,0.0,47,44.89,0
CUST0871,188278.64,30000.0,Business,772.05,2.0,36,24.6,0
CUST0872,381790.42,298537.69,Home,754.38,1.0,44,63.51,0
CUST0873,520462.44,351667.29,Other,783.16,1.0,43,78.96,0
CUST0874,419317.43,157991.97,Education,694.47,0.0,42,40.71,0
CUST0875,150000.0,117181.11,Other,665.87,1.0,43,48.03,0
CUST0876,230066.3,226684.52,Home,619.21,2.0,32,23.36,1
CUST0877,317039.12,101531.81,Home,644.28,0.0,39,29.12,0
CUST0878,610065.33,693427.95,Business,624.09,0.0,45,38.1,1
CUST0879,511353.51,140920.71,Business,655.67,2.0,35,46.76,0
CUST0880,459256.73,30000.0,Car,707.97,1.0,42,33.01,1
CUST0881,1007327.02,59009.61,Business,749.41,1.0,44,37.39,0
CUST0882,1007115.8,563949.55,Business,747.61,2.0,49,42.3,0
CUST0883,705867.56,537050.76,Home,613.85,2.0,55,27.32,1
CUST0884,694393.3,673801.79,Education,734.79,4.0,46,39.34,1
CUST0885,405779.16,272400.06,Business,764.35,2.0,46,80.21,0
CUST0886,433385.04,461494.74,Car,673.47,1.0,40,33.4,1
CUST0887,254109.48,38681.47,Car,767.85,2.0,37,28.68,0
CUST0888,566263.25,509595.72,Business,746.93,1.0,44,127.64,0
CUST0889,1001375.74,188311.78,Car,607.8,0.0,46,50.37,0
CUST0890,1369024.62,711767.47,Home,832.46,1.0,50,30.58,1
CUST0891,568126.12,501210.65,Other,643.48,3.0,52,62.08,1
CUST0892,851832.76,861926.76,Education,752.23,1.0,44,51.15,0
CUST0893,150000.0,179370.34,Business,749.88,2.0,39,33.84,1
CUST0894,512275.1,191150.68,Business,610.44,0.0,42,43.91,1
CUST0895,505714.89,213753.31,Home,701.63,0.0,43,38.9,0
CUST0896,1476035.32,1730285.94,Home,749.08,1.0,51,73.83,0
CUST0897,806808.04,178344.72,Car,609.75,3.0,40,63.27,0
CUST0898,853045.46,234303.07,Car,696.48,0.0,41,15.41,0
CUST0899,829027.17,201237.02,Education,754.52,1.0,42,116.53,0
CUST0900,666450.5,370878.97,Education,758.72,1.0,48,38.96,0
CUST0901,1509861.64,609130.89,Car,664.19,0.0,47,106.47,1
CUST0902,,33718.07,Home,790.38,1.0,34,64.37,0
CUST0903,704429.38,395002.96,Car,774.86,1.0,44,50.95,0
CUST0904,1209985.83,1277119.49,Education,705.68,2.0,34,42.93,0
CUST0905,229684.35,38348.26,Car,647.17,2.0,43,178.76,0
CUST0906,1030528.63,382885.91,Home,614.22,2.0,41,39.28,0
CUST0907,427661.75,270551.92,Education,714.54,1.0,50,32.17,1
CUST0908,690469.03,445056.38,Home,785.19,0.0,40,33.65,0
CUST0909,423170.3,304843.21,Car,680.44,0.0,46,45.02,0
CUST0910,1101585.5,1106612.18,Business,634.16,0.0,39,44.98,0
CUST0911,554669.99,87351.78,Home,743.62,2.0,41,74.34,1
CUST0912,1035004.07,967056.01,Education,701.34,2.0,56,65.75,0
CUST0913,825842.25,521597.99,Car,723.53,3.0,48,65.79,0
CUST0914,420055.35,82476.1,Home,655.86,2.0,42,40.15,1
CUST0915,856620.43,1039565.6,Home,665.96,1.0,35,63.11,0
CUST0916,451244.53,445087.04,Other,655.55,0.0,42,66.51,1
CUST0917,673334.89,168277.75,Education,722.45,2.0,38,43.25,0
CUST0918,549135.63,113336.19,Other,667.94,0.0,37,51.74,0
CUST0919,1066272.17,384019.79,Education,728.51,1.0,48,66.47,1
CUST0920,874935.01,642160.84,Education,649.61,1.0,39,50.01,0
CUST0921,639109.31,116988.03,Car,722.34,0.0,48,52.45,0
CUST0922,445782.38,46760.52,Car,735.75,1.0,40,90.94,1
CUST0923,323444.34,146113.2,Home,711.55,0.0,38,50.21,0
CUST0924,700352.23,623299.88,Car,749.61,1.0,52,33.21,1
CUST0925,459074.44,479872.39,Car,658.71,1.0,44,22.96,0
CUST0926,231383.03,188106.84,Home,735.02,5.0,43,47.62,1
CUST0927,312766.42,30000.0,Home,705.17,2.0,45,38.13,0
CUST0928,1589546.1,1670371.58,Home,637.37,3.0,55,67.41,1
CUST0929,452137.05,293108.4,Car,566.04,0.0,38,99.04,1
CUST0930,1178693.49,1347110.33,Education,579.94,1.0,48,26.89,0
CUST0931,534223.89,435440.88,Business,546.46,1.0,50,28.9,0
CUST0932,1285290.53,785095.3,Car,717.7,2.0,46,44.46,0
CUST0933,1235106.61,1096455.61,Home,668.89,0.0,47,30.17,0
CUST0934,412749.09,137107.29,Car,695.67,1.0,41,40.27,0
CUST0935,217801.86,240338.91,Business,678.27,2.0,53,34.42,1
CUST0936,228182.58,302634.79,Home,727.81,1.0,57,27.19,1
CUST0937,416634.17,423636.87,Education,729.71,1.0,40,68.01,0
CUST0938,1837702.26,1800000.0,Car,692.79,2.0,34,46.73,0
CUST0939,518615.74,455432.63,Home,696.72,4.0,54,112.38,0
CUST0940,704055.04,344971.74,Car,699.32,1.0,35,53.85,1
CUST0941,1331162.15,281246.11,Home,780.47,4.0,50,85.71,1
CUST0942,690661.0,424265.65,Business,559.7,1.0,42,31.26,1
CUST0943,677705.23,438438.5,Car,646.42,0.0,49,31.06,0
CUST0944,915469.57,334552.52,Education,746.24,1.0,43,136.61,0
CUST0945,761968.89,139537.4,Education,762.01,3.0,47,33.19,1
CUST0946,615395.69,565725.51,Education,717.77,4.0,46,28.0,0
CUST0947,437105.78,361181.81,Car,678.03,0.0,37,25.05,0
CUST0948,678674.24,843849.98,Home,811.0,3.0,37,117.28,1
CUST0949,1186653.28,1076532.46,Car,701.56,2.0,38,39.22,1
CUST0950,1732074.13,1669767.13,Home,692.0,1.0,38,55.06,0
CUST0951,763356.01,600639.82,Business,776.57,1.0,41,48.54,1
CUST0952,984674.36,1205221.52,Home,720.91,2.0,53,31.34,1
CUST0953,753948.64,601565.58,Education,751.09,1.0,35,38.8,1
CUST0954,619517.66,572772.5,Home,758.7,1.0,45,68.68,0
CUST0955,862481.55,987215.82,Other,665.79,3.0,44,24.38,0
CUST0956,1250258.27,1354563.15,Car,804.9,1.0,46,63.04,0
CUST0957,399204.31,327825.11,Car,529.96,2.0,45,92.17,1
CUST0958,292570.07,49854.27,Other,561.32,2.0,47,52.08,1
CUST0959,484839.46,113465.78,Car,645.79,0.0,39,87.65,0
CUST0960,730249.63,293183.69,Other,662.48,2.0,45,22.67,1
CUST0961,1048799.81,325109.55,Home,713.57,2.0,40,18.02,0
CUST0962,377187.74,66934.57,Car,645.19,0.0,45,50.8,1
CUST0963,165381.56,30000.0,Education,689.23,3.0,42,33.57,0
CUST0964,491162.78,387181.99,Business,676.67,0.0,38,69.83,0
CUST0965,584244.49,527266.15,Home,820.29,1.0,42,38.53,0
CUST0966,342997.08,189726.69,Other,637.68,1.0,36,48.44,1
CUST0967,428856.49,320777.51,Education,580.6,0.0,42,46.86,0
CUST0968,1047307.89,980628.71,Business,762.74,1.0,42,47.61,1
CUST0969,678536.59,343098.28,Car,643.59,0.0,58,34.31,0
CUST0970,786084.68,852937.95,Home,684.04,1.0,39,22.74,1
CUST0971,534508.23,99267.72,Other,648.0,1.0,38,40.33,0
CUST0972,429323.9,112389.92,Other,737.92,0.0,33,92.91,0
CUST0973,532391.08,312285.63,Car,600.67,1.0,53,33.19,0
CUST0974,855218.05,321763.33,Home,508.05,0.0,47,33.1,0
CUST0975,286215.85,132336.66,Home,774.22,1.0,36,48.69,0
CUST0976,1610928.51,762360.67,Education,706.09,0.0,40,24.98,0
CUST0977,891713.18,327559.94,Home,759.72,1.0,48,74.32,0
CUST0978,484074.25,230583.73,Car,772.04,1.0,47,26.2,0
CUST0979,1016729.39,395355.67,Car,630.43,0.0,43,38.94,0
CUST0980,1273169.0,963675.77,Business,693.94,2.0,48,160.15,0
CUST0981,542011.08,467758.14,Home,722.85,1.0,44,25.42,1
CUST0982,577004.88,181593.17,Car,682.96,0.0,44,93.96,1
CUST0983,1477908.48,494546.79,Education,669.71,1.0,50,47.81,0
CUST0984,2084759.32,228666.58,Education,676.11,1.0,38,51.31,0
CUST0985,660608.89,85197.58,Car,760.43,3.0,36,30.02,1
CUST0986,343763.69,462736.18,Car,673.16,2.0,37,67.09,1
CUST0987,501769.66,30000.0,Business,729.01,3.0,47,37.48,1
CUST0988,1147259.14,1125370.67,Business,712.55,2.0,34,25.35,0
CUST0989,368836.68,376528.27,Business,627.33,2.0,42,93.18,0
CUST0990,579645.44,177016.6,Other,709.63,0.0,52,37.1,0
CUST0991,763485.43,552814.07,Business,589.99,2.0,46,17.76,1
CUST0992,391301.86,484162.31,Business,716.09,3.0,46,39.34,0
CUST0993,1187982.03,1177298.66,Home,747.92,0.0,44,67.4,1
CUST0994,952085.17,671709.11,Car,762.89,0.0,47,62.23,0
CUST0995,1962987.08,1800000.0,Car,628.08,0.0,47,32.66,0
CUST0996,999021.06,1043178.72,Home,655.15,5.0,41,27.6,1
CUST0997,383171.65,109868.51,Education,708.46,1.0,59,22.73,0
CUST0998,870158.47,947690.54,Car,659.06,1.0,50,44.49,0
CUST0999,1119216.63,804022.65,Business,564.62,2.0,34,48.53,1
CUST1000,1151344.55,789860.34,Car,654.79,0.0,39,64.14,0
